voiture_id,modele,couleur,moteur_id
1,Peugeot,Blanc,346
2,Citroen,Bleu,221
3,Audi,Bleu,319
4,Aston Martin,Gris,323
5,Citroen,Bleu,5
6,Citroen,Gris,394
7,Aston Martin,Blanc,704
8,BMW,Vert,218
9,Peugeot,Gris,532
10,Renault,Gris,275
11,Aston Martin,Blanc,141
12,Peugeot,Bleu,661
13,Peugeot,Vert,463
14,Audi,Vert,232
15,Peugeot,Rouge,508
16,Peugeot,Gris,995
17,Audi,Blanc,80
18,Peugeot,Rouge,371
19,Peugeot,Bleu,212
20,Audi,Rouge,965
21,Peugeot,Blanc,473
22,Audi,Vert,851
23,Audi,Bleu,204
24,Citroen,Bleu,754
25,BMW,Blanc,358
26,Audi,Vert,631
27,BMW,Bleu,676
28,Audi,Gris,315
29,Peugeot,Noire,300
30,Peugeot,Rouge,893
31,Aston Martin,Noire,671
32,Citroen,Blanc,10
33,Citroen,Blanc,398
34,Audi,Blanc,992
35,BMW,Vert,720
36,Citroen,Rouge,931
37,Audi,Blanc,394
38,Peugeot,Rouge,787
39,Renault,Gris,175
40,Peugeot,Rouge,913
41,BMW,Vert,23
42,Renault,Noire,415
43,Audi,Gris,342
44,Renault,Blanc,463
45,Renault,Noire,960
46,Aston Martin,Vert,984
47,Renault,Gris,625
48,Renault,Gris,138
49,Audi,Gris,278
50,Audi,Bleu,188
51,Aston Martin,Vert,831
52,BMW,Noire,848
53,Citroen,Vert,815
54,Peugeot,Noire,32
55,Peugeot,Bleu,481
56,BMW,Bleu,28
57,Audi,Blanc,237
58,BMW,Gris,716
59,Citroen,Bleu,468
60,Aston Martin,Vert,107
61,Citroen,Rouge,68
62,Audi,Rouge,576
63,Aston Martin,Rouge,365
64,Audi,Noire,273
65,Citroen,Bleu,716
66,Renault,Blanc,874
67,Peugeot,Noire,744
68,Renault,Bleu,804
69,Peugeot,Bleu,945
70,Peugeot,Vert,698
71,Audi,Vert,977
72,Audi,Rouge,10
73,Citroen,Rouge,271
74,Renault,Vert,507
75,Audi,Noire,330
76,Audi,Vert,27
77,Peugeot,Noire,304
78,Citroen,Noire,793
79,Citroen,Noire,441
80,BMW,Bleu,551
81,Audi,Vert,116
82,Aston Martin,Bleu,947
83,Citroen,Rouge,922
84,Peugeot,Noire,927
85,Renault,Vert,361
86,Peugeot,Gris,869
87,Peugeot,Blanc,114
88,BMW,Gris,803
89,BMW,Vert,467
90,BMW,Rouge,860
91,BMW,Noire,823
92,Citroen,Vert,722
93,Renault,Vert,177
94,Renault,Bleu,951
95,Citroen,Noire,547
96,Citroen,Blanc,7
97,Citroen,Rouge,893
98,Renault,Rouge,740
99,Renault,Bleu,923
100,Audi,Blanc,11
101,Renault,Gris,131
102,Renault,Rouge,382
103,Aston Martin,Noire,248
104,Aston Martin,Blanc,300
105,BMW,Gris,516
106,Renault,Bleu,558
107,Citroen,Noire,871
108,Renault,Bleu,514
109,Aston Martin,Noire,212
110,BMW,Bleu,453
111,BMW,Rouge,923
112,Peugeot,Bleu,384
113,Peugeot,Gris,342
114,Audi,Bleu,108
115,Audi,Rouge,59
116,Aston Martin,Blanc,42
117,Audi,Bleu,212
118,Aston Martin,Rouge,526
119,Renault,Gris,82
120,BMW,Gris,837
121,Aston Martin,Gris,79
122,Renault,Blanc,352
123,Peugeot,Blanc,919
124,Renault,Rouge,823
125,BMW,Blanc,721
126,BMW,Gris,328
127,Peugeot,Gris,981
128,Aston Martin,Gris,311
129,Citroen,Blanc,130
130,Aston Martin,Noire,594
131,Renault,Noire,397
132,Aston Martin,Bleu,242
133,Aston Martin,Gris,629
134,BMW,Gris,95
135,Audi,Noire,105
136,Peugeot,Bleu,950
137,Citroen,Noire,149
138,Citroen,Noire,499
139,Renault,Rouge,375
140,Peugeot,Rouge,463
141,Aston Martin,Bleu,798
142,Peugeot,Gris,362
143,BMW,Blanc,357
144,Peugeot,Gris,142
145,Peugeot,Blanc,49
146,Renault,Bleu,57
147,Peugeot,Bleu,178
148,BMW,Rouge,256
149,Renault,Blanc,344
150,Peugeot,Bleu,133
151,Aston Martin,Bleu,943
152,BMW,Bleu,452
153,BMW,Noire,981
154,Audi,Gris,625
155,Aston Martin,Noire,144
156,Peugeot,Blanc,346
157,Renault,Blanc,489
158,Aston Martin,Vert,397
159,Renault,Vert,744
160,BMW,Gris,733
161,Renault,Vert,85
162,Audi,Rouge,880
163,BMW,Rouge,229
164,Citroen,Noire,598
165,Renault,Rouge,810
166,Citroen,Rouge,297
167,Citroen,Noire,775
168,Aston Martin,Gris,883
169,Peugeot,Rouge,362
170,Aston Martin,Rouge,329
171,Renault,Rouge,16
172,Renault,Rouge,311
173,Aston Martin,Bleu,586
174,Aston Martin,Bleu,489
175,Citroen,Blanc,574
176,Peugeot,Vert,978
177,Audi,Blanc,587
178,Citroen,Rouge,593
179,Citroen,Vert,29
180,BMW,Gris,999
181,Audi,Gris,448
182,BMW,Gris,540
183,Peugeot,Noire,791
184,Peugeot,Noire,844
185,Citroen,Blanc,130
186,Aston Martin,Vert,89
187,Aston Martin,Bleu,557
188,Renault,Vert,28
189,Peugeot,Blanc,134
190,Aston Martin,Rouge,544
191,Renault,Noire,892
192,Aston Martin,Gris,522
193,Aston Martin,Vert,445
194,Aston Martin,Bleu,942
195,Citroen,Blanc,506
196,Citroen,Rouge,677
197,Peugeot,Vert,89
198,Renault,Blanc,652
199,Audi,Noire,780
200,BMW,Rouge,418
201,BMW,Noire,52
202,Citroen,Gris,592
203,Aston Martin,Vert,850
204,Citroen,Blanc,783
205,Citroen,Blanc,181
206,Audi,Rouge,781
207,Peugeot,Gris,794
208,Audi,Vert,198
209,Peugeot,Bleu,958
210,BMW,Gris,764
211,Renault,Rouge,708
212,Renault,Noire,428
213,Renault,Bleu,463
214,Renault,Bleu,906
215,Aston Martin,Vert,547
216,BMW,Noire,880
217,Audi,Bleu,542
218,Citroen,Noire,779
219,Audi,Vert,867
220,Renault,Bleu,495
221,Audi,Rouge,111
222,Citroen,Noire,519
223,Citroen,Bleu,660
224,Renault,Vert,194
225,Renault,Gris,652
226,Peugeot,Blanc,275
227,Audi,Gris,576
228,Citroen,Rouge,94
229,Audi,Blanc,89
230,Audi,Noire,427
231,BMW,Bleu,856
232,Renault,Bleu,658
233,Citroen,Gris,914
234,Aston Martin,Bleu,31
235,BMW,Gris,100
236,Citroen,Gris,920
237,Audi,Bleu,945
238,Renault,Bleu,36
239,BMW,Vert,751
240,Peugeot,Noire,969
241,Audi,Gris,862
242,BMW,Bleu,132
243,Audi,Vert,372
244,Renault,Noire,199
245,Renault,Gris,639
246,Audi,Vert,135
247,BMW,Blanc,284
248,Audi,Vert,938
249,Aston Martin,Noire,80
250,Peugeot,Bleu,761
251,Renault,Bleu,632
252,BMW,Blanc,680
253,Citroen,Bleu,995
254,Renault,Gris,296
255,Renault,Noire,489
256,Citroen,Vert,770
257,Citroen,Noire,182
258,BMW,Vert,827
259,Citroen,Rouge,753
260,Aston Martin,Vert,655
261,Renault,Noire,769
262,Renault,Rouge,684
263,Audi,Rouge,49
264,Citroen,Bleu,554
265,BMW,Gris,768
266,BMW,Rouge,970
267,Renault,Gris,326
268,Peugeot,Bleu,560
269,Renault,Blanc,631
270,Renault,Noire,340
271,BMW,Rouge,725
272,Aston Martin,Rouge,909
273,Citroen,Noire,687
274,Citroen,Rouge,726
275,Citroen,Vert,251
276,Citroen,Rouge,741
277,Aston Martin,Vert,805
278,Renault,Gris,681
279,Citroen,Blanc,335
280,Audi,Noire,443
281,Renault,Gris,551
282,Peugeot,Vert,623
283,Audi,Gris,683
284,Peugeot,Bleu,705
285,Renault,Gris,131
286,BMW,Blanc,900
287,Peugeot,Noire,590
288,Audi,Blanc,573
289,BMW,Vert,17
290,Audi,Noire,480
291,Peugeot,Noire,899
292,Aston Martin,Blanc,110
293,BMW,Bleu,685
294,Audi,Vert,571
295,BMW,Rouge,970
296,Citroen,Blanc,79
297,Peugeot,Noire,540
298,Aston Martin,Gris,101
299,Audi,Vert,304
300,Aston Martin,Vert,212
301,Citroen,Gris,978
302,Peugeot,Rouge,786
303,Citroen,Rouge,777
304,Peugeot,Blanc,521
305,Citroen,Gris,782
306,BMW,Noire,365
307,Peugeot,Vert,76
308,BMW,Noire,855
309,Renault,Noire,580
310,BMW,Rouge,77
311,Audi,Blanc,229
312,Audi,Blanc,105
313,Audi,Rouge,997
314,Renault,Gris,44
315,Peugeot,Noire,515
316,Aston Martin,Gris,213
317,BMW,Bleu,377
318,Aston Martin,Rouge,376
319,BMW,Bleu,431
320,Audi,Gris,282
321,Peugeot,Bleu,627
322,BMW,Gris,651
323,Peugeot,Gris,228
324,Peugeot,Blanc,420
325,Renault,Vert,748
326,BMW,Vert,195
327,Aston Martin,Blanc,916
328,Citroen,Blanc,300
329,Citroen,Gris,726
330,Audi,Noire,751
331,Renault,Bleu,445
332,Citroen,Gris,549
333,Aston Martin,Blanc,313
334,Peugeot,Noire,595
335,Renault,Vert,713
336,Citroen,Blanc,133
337,BMW,Noire,524
338,BMW,Rouge,935
339,Peugeot,Noire,433
340,Renault,Noire,81
341,Renault,Gris,716
342,Peugeot,Noire,718
343,BMW,Noire,213
344,BMW,Bleu,163
345,Aston Martin,Gris,13
346,Aston Martin,Bleu,772
347,Aston Martin,Rouge,21
348,Peugeot,Noire,197
349,Peugeot,Bleu,769
350,BMW,Bleu,845
351,BMW,Bleu,968
352,Audi,Rouge,648
353,BMW,Blanc,795
354,Aston Martin,Blanc,784
355,BMW,Rouge,123
356,Citroen,Blanc,503
357,Aston Martin,Rouge,292
358,Renault,Blanc,373
359,Renault,Noire,526
360,Citroen,Vert,230
361,BMW,Bleu,731
362,Audi,Vert,836
363,Audi,Vert,627
364,Aston Martin,Blanc,230
365,Renault,Blanc,705
366,Audi,Blanc,635
367,Peugeot,Bleu,705
368,Citroen,Noire,61
369,Aston Martin,Gris,960
370,Peugeot,Rouge,49
371,Citroen,Bleu,180
372,Citroen,Noire,33
373,Renault,Rouge,586
374,Citroen,Blanc,237
375,Audi,Noire,172
376,Peugeot,Vert,64
377,Peugeot,Bleu,818
378,Renault,Bleu,147
379,Peugeot,Bleu,585
380,BMW,Noire,516
381,Peugeot,Rouge,523
382,Audi,Rouge,309
383,BMW,Bleu,842
384,BMW,Blanc,424
385,Citroen,Vert,979
386,BMW,Blanc,134
387,Renault,Rouge,615
388,Peugeot,Vert,39
389,BMW,Bleu,907
390,Audi,Bleu,756
391,Audi,Noire,569
392,BMW,Blanc,293
393,Aston Martin,Noire,515
394,Citroen,Noire,35
395,Peugeot,Blanc,697
396,Peugeot,Rouge,724
397,Peugeot,Blanc,155
398,Citroen,Vert,380
399,BMW,Gris,655
400,Renault,Bleu,165
401,Peugeot,Blanc,566
402,Renault,Blanc,609
403,Aston Martin,Gris,535
404,Aston Martin,Blanc,828
405,Peugeot,Bleu,560
406,BMW,Noire,820
407,Aston Martin,Gris,68
408,Aston Martin,Rouge,642
409,Renault,Vert,737
410,Renault,Blanc,11
411,Peugeot,Vert,854
412,BMW,Rouge,591
413,Aston Martin,Bleu,534
414,Peugeot,Blanc,706
415,Renault,Noire,898
416,Citroen,Blanc,417
417,BMW,Gris,968
418,Renault,Vert,376
419,BMW,Noire,786
420,BMW,Vert,373
421,Audi,Bleu,147
422,Audi,Noire,733
423,Renault,Rouge,450
424,BMW,Gris,350
425,Renault,Noire,475
426,Renault,Noire,803
427,BMW,Gris,916
428,Peugeot,Noire,849
429,Citroen,Rouge,494
430,BMW,Blanc,182
431,Aston Martin,Rouge,135
432,Citroen,Gris,320
433,BMW,Noire,376
434,Citroen,Blanc,38
435,Peugeot,Blanc,889
436,Peugeot,Noire,729
437,BMW,Vert,74
438,Citroen,Blanc,412
439,Citroen,Bleu,520
440,Aston Martin,Bleu,806
441,Peugeot,Gris,711
442,Citroen,Noire,812
443,Peugeot,Blanc,394
444,Renault,Vert,853
445,Peugeot,Bleu,191
446,Audi,Vert,28
447,Aston Martin,Vert,94
448,Citroen,Vert,761
449,Audi,Rouge,385
450,Peugeot,Rouge,549
451,Peugeot,Blanc,217
452,Audi,Bleu,108
453,BMW,Gris,627
454,Audi,Blanc,535
455,BMW,Blanc,411
456,BMW,Noire,234
457,Aston Martin,Noire,686
458,Renault,Rouge,643
459,BMW,Blanc,992
460,Peugeot,Vert,996
461,Audi,Bleu,156
462,Aston Martin,Gris,775
463,BMW,Noire,767
464,BMW,Rouge,228
465,Renault,Blanc,985
466,Aston Martin,Rouge,467
467,Citroen,Vert,243
468,Peugeot,Blanc,31
469,Peugeot,Bleu,261
470,Peugeot,Bleu,593
471,Citroen,Blanc,84
472,BMW,Noire,262
473,Audi,Gris,948
474,BMW,Blanc,75
475,Renault,Bleu,547
476,BMW,Noire,91
477,Aston Martin,Vert,119
478,Aston Martin,Rouge,749
479,Peugeot,Noire,528
480,BMW,Rouge,183
481,Peugeot,Blanc,663
482,Aston Martin,Rouge,656
483,Renault,Bleu,125
484,Aston Martin,Blanc,544
485,Peugeot,Blanc,557
486,BMW,Vert,16
487,Citroen,Vert,262
488,Audi,Vert,710
489,BMW,Rouge,588
490,Aston Martin,Rouge,593
491,Renault,Vert,544
492,Renault,Noire,647
493,BMW,Bleu,889
494,BMW,Bleu,687
495,Peugeot,Rouge,692
496,Aston Martin,Rouge,586
497,Citroen,Blanc,496
498,BMW,Blanc,170
499,Aston Martin,Bleu,338
500,Peugeot,Bleu,185
501,Citroen,Bleu,235
502,Citroen,Gris,340
503,Audi,Gris,712
504,BMW,Gris,82
505,Audi,Bleu,431
506,Peugeot,Blanc,878
507,Audi,Rouge,972
508,Citroen,Bleu,530
509,Audi,Bleu,355
510,Audi,Noire,892
511,Audi,Vert,399
512,Audi,Noire,354
513,Peugeot,Blanc,641
514,Aston Martin,Bleu,502
515,Audi,Rouge,344
516,Aston Martin,Rouge,993
517,Aston Martin,Vert,992
518,Peugeot,Blanc,81
519,Citroen,Noire,355
520,Peugeot,Bleu,757
521,Aston Martin,Blanc,307
522,Renault,Gris,96
523,Peugeot,Rouge,974
524,Aston Martin,Blanc,654
525,BMW,Gris,101
526,Renault,Rouge,467
527,Renault,Blanc,669
528,Aston Martin,Vert,950
529,BMW,Noire,30
530,Renault,Bleu,302
531,Aston Martin,Gris,777
532,Audi,Noire,224
533,Renault,Bleu,207
534,Renault,Noire,664
535,Peugeot,Vert,899
536,Citroen,Noire,714
537,Citroen,Vert,873
538,Audi,Bleu,685
539,Renault,Bleu,967
540,Aston Martin,Rouge,796
541,Citroen,Gris,129
542,Audi,Blanc,744
543,Aston Martin,Bleu,296
544,Audi,Bleu,52
545,Renault,Bleu,742
546,BMW,Gris,557
547,BMW,Gris,490
548,Citroen,Rouge,544
549,BMW,Gris,478
550,Audi,Blanc,549
551,Renault,Gris,71
552,Audi,Noire,118
553,Renault,Blanc,976
554,Audi,Blanc,75
555,Aston Martin,Blanc,78
556,BMW,Vert,644
557,Renault,Bleu,111
558,Audi,Gris,432
559,BMW,Blanc,770
560,Peugeot,Rouge,119
561,Citroen,Vert,62
562,BMW,Bleu,30
563,Aston Martin,Blanc,133
564,Peugeot,Rouge,574
565,Citroen,Blanc,448
566,Peugeot,Rouge,44
567,Audi,Vert,537
568,Audi,Blanc,981
569,Renault,Noire,538
570,Aston Martin,Vert,101
571,BMW,Blanc,989
572,Peugeot,Noire,594
573,Aston Martin,Blanc,337
574,BMW,Rouge,265
575,Renault,Bleu,40
576,Renault,Rouge,271
577,Peugeot,Rouge,825
578,Renault,Gris,875
579,Peugeot,Gris,615
580,Aston Martin,Rouge,57
581,Aston Martin,Rouge,512
582,Renault,Noire,158
583,Peugeot,Noire,46
584,BMW,Gris,789
585,Peugeot,Bleu,676
586,Peugeot,Gris,858
587,BMW,Bleu,998
588,BMW,Bleu,101
589,Citroen,Vert,139
590,BMW,Noire,940
591,Renault,Noire,360
592,BMW,Blanc,340
593,Aston Martin,Vert,89
594,Renault,Gris,982
595,Renault,Gris,833
596,BMW,Blanc,986
597,Audi,Noire,719
598,BMW,Bleu,301
599,Audi,Bleu,330
600,Renault,Bleu,488
601,Peugeot,Vert,136
602,Audi,Bleu,752
603,Audi,Vert,18
604,Renault,Bleu,409
605,Renault,Vert,574
606,Aston Martin,Vert,242
607,Citroen,Vert,16
608,Peugeot,Rouge,516
609,BMW,Blanc,683
610,Renault,Blanc,841
611,Audi,Bleu,395
612,Aston Martin,Gris,674
613,Peugeot,Vert,146
614,BMW,Rouge,490
615,BMW,Noire,186
616,Aston Martin,Rouge,887
617,Citroen,Vert,246
618,Peugeot,Vert,339
619,Aston Martin,Gris,661
620,Renault,Blanc,3
621,Citroen,Noire,170
622,Aston Martin,Blanc,622
623,Audi,Gris,308
624,Renault,Vert,971
625,Renault,Noire,912
626,Citroen,Bleu,545
627,BMW,Blanc,867
628,Renault,Blanc,352
629,Peugeot,Blanc,420
630,Audi,Vert,448
631,Renault,Bleu,327
632,Aston Martin,Bleu,761
633,Citroen,Gris,295
634,Citroen,Vert,620
635,Renault,Vert,979
636,Renault,Blanc,768
637,Aston Martin,Bleu,456
638,Audi,Gris,522
639,Citroen,Vert,213
640,BMW,Noire,295
641,Audi,Noire,976
642,Aston Martin,Noire,134
643,Audi,Noire,148
644,Citroen,Blanc,201
645,Peugeot,Vert,361
646,BMW,Gris,518
647,BMW,Gris,873
648,Citroen,Bleu,641
649,Aston Martin,Bleu,808
650,Peugeot,Bleu,516
651,Renault,Bleu,89
652,Peugeot,Vert,749
653,Renault,Bleu,371
654,Aston Martin,Noire,733
655,Peugeot,Blanc,441
656,Peugeot,Vert,101
657,BMW,Bleu,201
658,BMW,Blanc,508
659,Renault,Vert,382
660,Aston Martin,Vert,788
661,Aston Martin,Noire,328
662,Audi,Noire,720
663,Aston Martin,Gris,919
664,Audi,Vert,875
665,Citroen,Rouge,706
666,Renault,Blanc,865
667,Peugeot,Rouge,639
668,BMW,Vert,440
669,Peugeot,Gris,82
670,BMW,Rouge,41
671,Renault,Vert,458
672,BMW,Vert,887
673,Peugeot,Bleu,141
674,Aston Martin,Rouge,697
675,Audi,Bleu,608
676,Renault,Bleu,798
677,Renault,Bleu,780
678,Aston Martin,Gris,870
679,Audi,Rouge,341
680,BMW,Gris,961
681,Citroen,Noire,188
682,Citroen,Rouge,881
683,BMW,Vert,433
684,Citroen,Gris,652
685,BMW,Blanc,76
686,Peugeot,Blanc,853
687,BMW,Gris,930
688,Renault,Rouge,165
689,Peugeot,Rouge,237
690,Aston Martin,Noire,402
691,BMW,Blanc,468
692,Aston Martin,Bleu,957
693,Audi,Vert,885
694,Renault,Blanc,490
695,Aston Martin,Bleu,739
696,BMW,Rouge,995
697,Audi,Rouge,137
698,Renault,Blanc,723
699,Aston Martin,Noire,98
700,BMW,Vert,807
701,BMW,Noire,693
702,Audi,Vert,551
703,Renault,Noire,894
704,Aston Martin,Gris,961
705,BMW,Vert,487
706,Renault,Bleu,563
707,Aston Martin,Bleu,809
708,BMW,Blanc,493
709,Citroen,Gris,532
710,Aston Martin,Vert,840
711,Citroen,Gris,919
712,Audi,Blanc,602
713,Audi,Blanc,110
714,BMW,Gris,339
715,Aston Martin,Rouge,655
716,BMW,Vert,420
717,Aston Martin,Bleu,604
718,Peugeot,Noire,973
719,Citroen,Noire,97
720,BMW,Rouge,334
721,BMW,Bleu,136
722,Peugeot,Bleu,98
723,Renault,Bleu,153
724,BMW,Gris,398
725,Renault,Vert,271
726,Renault,Noire,222
727,BMW,Vert,421
728,Renault,Noire,725
729,Aston Martin,Blanc,378
730,BMW,Blanc,784
731,Peugeot,Gris,132
732,Aston Martin,Rouge,436
733,Renault,Noire,334
734,Aston Martin,Vert,748
735,Peugeot,Bleu,523
736,Audi,Rouge,447
737,Audi,Vert,370
738,Audi,Blanc,983
739,Aston Martin,Rouge,290
740,Audi,Noire,4
741,Peugeot,Rouge,268
742,Peugeot,Bleu,48
743,Peugeot,Bleu,704
744,Citroen,Noire,971
745,Audi,Vert,541
746,Citroen,Bleu,445
747,Citroen,Rouge,40
748,Audi,Rouge,424
749,Renault,Bleu,597
750,BMW,Bleu,275
751,BMW,Vert,516
752,Audi,Blanc,230
753,Audi,Gris,984
754,Renault,Noire,575
755,Audi,Bleu,79
756,Audi,Vert,722
757,Peugeot,Noire,361
758,Renault,Vert,2
759,Peugeot,Rouge,828
760,Aston Martin,Gris,715
761,Citroen,Noire,221
762,Aston Martin,Blanc,790
763,Citroen,Vert,665
764,BMW,Noire,564
765,Citroen,Vert,657
766,Citroen,Gris,909
767,BMW,Noire,522
768,Audi,Vert,204
769,Peugeot,Blanc,946
770,BMW,Rouge,224
771,BMW,Gris,588
772,Citroen,Vert,397
773,Citroen,Vert,772
774,Aston Martin,Blanc,947
775,Peugeot,Blanc,697
776,Citroen,Vert,647
777,Peugeot,Rouge,937
778,Audi,Blanc,447
779,Audi,Rouge,286
780,BMW,Blanc,957
781,Renault,Rouge,337
782,Renault,Bleu,487
783,BMW,Noire,289
784,BMW,Vert,254
785,Citroen,Blanc,68
786,Aston Martin,Gris,110
787,Citroen,Blanc,156
788,BMW,Gris,324
789,Peugeot,Gris,623
790,Peugeot,Blanc,23
791,Renault,Blanc,358
792,Citroen,Noire,726
793,BMW,Bleu,382
794,Citroen,Bleu,744
795,Audi,Gris,453
796,Aston Martin,Rouge,723
797,Audi,Blanc,431
798,BMW,Gris,471
799,Peugeot,Gris,745
800,Renault,Vert,531
801,Aston Martin,Vert,693
802,Aston Martin,Bleu,317
803,BMW,Vert,957
804,Audi,Blanc,4
805,Renault,Bleu,790
806,Renault,Rouge,100
807,Peugeot,Vert,423
808,Audi,Rouge,122
809,Audi,Blanc,856
810,Aston Martin,Vert,711
811,Renault,Rouge,693
812,BMW,Noire,807
813,Citroen,Gris,730
814,Audi,Noire,793
815,Peugeot,Rouge,432
816,Audi,Bleu,508
817,Citroen,Blanc,902
818,Aston Martin,Blanc,302
819,Renault,Gris,730
820,Renault,Vert,309
821,BMW,Bleu,215
822,Audi,Noire,673
823,Renault,Rouge,537
824,Aston Martin,Gris,549
825,Aston Martin,Bleu,266
826,Peugeot,Gris,839
827,Audi,Bleu,883
828,BMW,Bleu,901
829,Aston Martin,Blanc,740
830,Audi,Rouge,614
831,Renault,Blanc,846
832,Renault,Rouge,320
833,Citroen,Rouge,110
834,Citroen,Vert,510
835,Aston Martin,Vert,887
836,BMW,Noire,699
837,Aston Martin,Bleu,429
838,BMW,Gris,66
839,Citroen,Rouge,905
840,Renault,Rouge,147
841,Audi,Rouge,842
842,Peugeot,Blanc,896
843,Renault,Blanc,549
844,Aston Martin,Noire,76
845,Audi,Rouge,23
846,Citroen,Blanc,911
847,BMW,Gris,639
848,Peugeot,Noire,608
849,Peugeot,Vert,17
850,Citroen,Gris,563
851,Renault,Noire,602
852,Aston Martin,Gris,217
853,Renault,Gris,156
854,Renault,Gris,339
855,Renault,Bleu,973
856,Aston Martin,Bleu,10
857,Citroen,Bleu,13
858,BMW,Vert,538
859,Aston Martin,Bleu,978
860,Renault,Bleu,419
861,BMW,Blanc,217
862,Aston Martin,Noire,330
863,BMW,Blanc,415
864,BMW,Blanc,139
865,BMW,Blanc,318
866,Renault,Rouge,579
867,Audi,Noire,478
868,Renault,Noire,712
869,Citroen,Blanc,138
870,Renault,Rouge,143
871,Citroen,Bleu,121
872,BMW,Rouge,979
873,Audi,Vert,210
874,Aston Martin,Gris,412
875,Audi,Blanc,928
876,Citroen,Noire,498
877,Aston Martin,Bleu,9
878,Renault,Rouge,232
879,BMW,Gris,234
880,Audi,Noire,971
881,Citroen,Rouge,410
882,BMW,Blanc,390
883,Renault,Blanc,765
884,Citroen,Gris,296
885,Citroen,Noire,482
886,Audi,Rouge,221
887,Peugeot,Noire,172
888,BMW,Rouge,389
889,BMW,Bleu,250
890,BMW,Vert,945
891,Audi,Rouge,111
892,Aston Martin,Vert,157
893,Peugeot,Noire,191
894,Citroen,Blanc,374
895,Citroen,Noire,193
896,BMW,Rouge,321
897,Renault,Vert,619
898,Renault,Bleu,602
899,Renault,Rouge,300
900,Audi,Bleu,554
901,BMW,Noire,533
902,Citroen,Blanc,484
903,Citroen,Rouge,843
904,Citroen,Noire,383
905,BMW,Blanc,601
906,Audi,Rouge,44
907,Citroen,Vert,55
908,Aston Martin,Vert,176
909,Citroen,Bleu,954
910,Renault,Blanc,527
911,Aston Martin,Noire,855
912,Peugeot,Bleu,56
913,BMW,Noire,987
914,BMW,Noire,477
915,BMW,Rouge,359
916,Peugeot,Rouge,552
917,Citroen,Bleu,606
918,Aston Martin,Gris,946
919,Peugeot,Rouge,609
920,Audi,Noire,852
921,Peugeot,Gris,512
922,Citroen,Bleu,113
923,BMW,Vert,730
924,Aston Martin,Gris,684
925,BMW,Bleu,954
926,BMW,Gris,489
927,Peugeot,Bleu,553
928,Aston Martin,Gris,790
929,Aston Martin,Noire,698
930,Aston Martin,Rouge,780
931,Citroen,Noire,864
932,Peugeot,Vert,348
933,Citroen,Gris,430
934,Audi,Blanc,168
935,Renault,Bleu,517
936,Renault,Vert,740
937,Aston Martin,Bleu,918
938,Aston Martin,Bleu,583
939,Peugeot,Noire,374
940,Citroen,Vert,182
941,Aston Martin,Vert,396
942,Aston Martin,Blanc,419
943,BMW,Vert,655
944,Audi,Bleu,873
945,Peugeot,Gris,440
946,BMW,Rouge,977
947,Citroen,Noire,213
948,Peugeot,Rouge,140
949,Renault,Bleu,413
950,Audi,Bleu,876
951,Citroen,Bleu,158
952,Audi,Bleu,455
953,Citroen,Vert,748
954,BMW,Gris,925
955,BMW,Rouge,443
956,Renault,Bleu,884
957,Audi,Vert,677
958,Aston Martin,Gris,110
959,Aston Martin,Noire,881
960,Citroen,Gris,827
961,Peugeot,Vert,351
962,BMW,Gris,884
963,BMW,Noire,382
964,Audi,Gris,264
965,BMW,Gris,53
966,Peugeot,Gris,744
967,Peugeot,Vert,829
968,Aston Martin,Noire,518
969,Renault,Gris,930
970,BMW,Blanc,642
971,Citroen,Gris,179
972,Aston Martin,Blanc,344
973,BMW,Noire,80
974,Peugeot,Bleu,908
975,Audi,Bleu,443
976,BMW,Gris,725
977,Audi,Blanc,247
978,BMW,Rouge,168
979,Renault,Noire,638
980,Peugeot,Bleu,586
981,BMW,Rouge,639
982,Renault,Bleu,316
983,BMW,Bleu,388
984,Peugeot,Noire,994
985,BMW,Bleu,965
986,Peugeot,Gris,182
987,BMW,Blanc,687
988,Peugeot,Noire,314
989,Peugeot,Blanc,998
990,Citroen,Noire,873
991,Audi,Gris,600
992,BMW,Bleu,138
993,Aston Martin,Bleu,895
994,Aston Martin,Bleu,129
995,Renault,Noire,55
996,Audi,Blanc,752
997,Audi,Vert,870
998,Audi,Noire,185
999,BMW,Blanc,879
1000,Aston Martin,Rouge,835